id;photo;photo_content_type;nom;prenom;statut;niveau;contact;email;add_parent
1;../fake-data/blob/hipster.png;image/png;Lead;SSL deposit;ROI Fundamental seamless;neural;Personal Loan Account;Annalise_Batz80@yahoo.com;mint green
2;../fake-data/blob/hipster.png;image/png;port;District Credit Card Account;dot-com Computers;Fantastic Compatible;compressing Fresh Forward;Vern_Wisoky@gmail.com;Arizona green copy
3;../fake-data/blob/hipster.png;image/png;Comoros;Personal Loan Account;feed solid state withdrawal;Computer 24 hour;Netherlands Antilles real-time;Brandyn.Erdman@hotmail.com;vortals Shoes
4;../fake-data/blob/hipster.png;image/png;capacitor zero tolerance Small Plastic Tuna;Reunion Keyboard;Small Fresh Pizza Customer-focused;customized;Licensed Steel Tuna info-mediaries Harbors;Randal.Pouros@gmail.com;National District Car
5;../fake-data/blob/hipster.png;image/png;maroon Mills;Rubber workforce;Pataca;District Industrial TCP;withdrawal bus;Maximo.Skiles19@hotmail.com;Directives Bond Markets Units European Composite Unit (EURCO) Technician
6;../fake-data/blob/hipster.png;image/png;Generic Granite Chips well-modulated;Senior;open-source;Cotton extranet;bypass lime;Darrell.Connelly@yahoo.com;Qatari Rial
7;../fake-data/blob/hipster.png;image/png;copy virtual compressing;Designer;Tactics Fantastic;transmitter;support niches;Aletha_Rutherford@gmail.com;Maryland withdrawal Avon
8;../fake-data/blob/hipster.png;image/png;generate connect Bedfordshire;Kenya Cross-platform interface;Refined quantify;Gorgeous Fresh Towels Streamlined South Carolina;Berkshire white payment;Myrtie.Zulauf36@hotmail.com;Handcrafted Cocos (Keeling) Islands Developer
9;../fake-data/blob/hipster.png;image/png;functionalities Iraq Turks and Caicos Islands;Bacon;solid state payment;invoice;robust withdrawal;Clair15@gmail.com;Berkshire Product
10;../fake-data/blob/hipster.png;image/png;Directives;circuit;Fish;West Virginia implementation;explicit streamline Practical Plastic Car;Vada.OReilly17@yahoo.com;Pakistan
